City_ID,City,Country,Date,Lat,Lng,Max Temp,Humidity,Cloudiness,Wind Speed
0,Dzerzhinskoye,RU,2022-03-22 21:32:58,56.8344,95.2283,21.34,93,100,5.17
1,New Norfolk,AU,2022-03-22 21:32:58,-42.7826,147.0587,53.1,66,39,3.0
2,Hobart,AU,2022-03-22 21:32:59,-42.8794,147.3294,53.46,74,75,11.5
3,Souillac,MU,2022-03-22 21:33:00,-20.5167,57.5167,79.18,94,75,9.22
4,Hithadhoo,MV,2022-03-22 21:33:00,-0.6,73.0833,83.32,73,2,15.61
5,Cabedelo,BR,2022-03-22 21:33:01,-6.9811,-34.8339,77.67,79,98,10.31
6,Bafia,CM,2022-03-22 21:33:01,4.75,11.2333,75.99,80,100,2.59
7,Mahebourg,MU,2022-03-22 21:33:02,-20.4081,57.7,79.09,94,75,9.22
8,Aykhal,RU,2022-03-22 21:33:02,66.0,111.5,0.64,98,100,4.43
9,Egvekinot,RU,2022-03-22 21:33:03,66.3167,-179.1667,12.88,94,91,2.04
10,Georgetown,MY,2022-03-22 21:32:02,5.4112,100.3354,84.13,87,20,3.44
11,Saint-Philippe,RE,2022-03-22 21:33:04,-21.3585,55.7679,78.39,88,58,8.19
12,Torbay,CA,2022-03-22 21:33:04,47.6666,-52.7314,32.77,75,75,21.85
13,Tilichiki,RU,2022-03-22 21:33:04,60.4667,166.1,23.5,94,97,7.76
14,Ushuaia,AR,2022-03-22 21:33:05,-54.8,-68.3,47.86,66,40,28.77
15,Busselton,AU,2022-03-22 21:33:06,-33.65,115.3333,52.72,84,0,11.74
16,Polovinnoye,RU,2022-03-22 21:33:06,54.7914,65.9864,22.91,95,100,16.35
17,Mataura,NZ,2022-03-22 21:33:06,-46.1927,168.8643,67.12,65,4,1.12
18,Hermanus,ZA,2022-03-22 21:33:07,-34.4187,19.2345,70.81,83,88,14.29
19,Nyurba,RU,2022-03-22 21:33:07,63.2842,118.3319,14.88,96,100,4.47
20,Upernavik,GL,2022-03-22 21:33:08,72.7868,-56.1549,-7.19,86,100,5.32
21,Shache,CN,2022-03-22 21:33:09,38.4167,77.2406,50.9,37,97,4.61
22,Takoradi,GH,2022-03-22 21:33:09,4.8845,-1.7554,81.82,83,86,8.52
23,Dikson,RU,2022-03-22 21:33:10,73.5069,80.5464,7.56,92,100,16.35
24,Yarada,IN,2022-03-22 21:33:10,17.65,83.2667,80.92,89,75,2.3
25,Omsukchan,RU,2022-03-22 21:33:11,62.5333,155.8,13.95,96,100,5.79
26,Hami,CN,2022-03-22 21:33:11,42.8,93.45,42.12,47,70,3.56
27,Kapaa,US,2022-03-22 21:33:12,22.0752,-159.319,71.92,81,100,17.27
28,Isangel,VU,2022-03-22 21:33:12,-19.55,169.2667,75.31,100,83,4.61
29,Punta Arenas,CL,2022-03-22 21:29:01,-53.15,-70.9167,51.91,43,0,20.71
30,Port Elizabeth,ZA,2022-03-22 21:33:13,-33.918,25.5701,68.31,98,75,3.44
31,Vaini,TO,2022-03-22 21:33:14,-21.2,-175.2,82.56,94,100,6.91
32,Rikitea,PF,2022-03-22 21:33:14,-23.1203,-134.9692,79.54,72,63,12.1
33,Albany,US,2022-03-22 21:30:02,42.6001,-73.9662,49.17,27,65,1.01
34,Sembe,CG,2022-03-22 21:33:15,1.6481,14.5806,73.72,86,96,4.03
35,Sinnamary,GF,2022-03-22 21:33:15,5.3833,-52.95,76.93,91,63,12.48
36,Pecos,US,2022-03-22 21:29:04,31.4229,-103.4932,57.29,19,40,20.71
37,Cabo San Lucas,MX,2022-03-22 21:30:16,22.8909,-109.9124,81.05,36,0,13.8
38,Mabaruma,GY,2022-03-22 21:33:16,8.2,-59.7833,76.12,83,86,5.37
39,Butaritari,KI,2022-03-22 21:33:17,3.0707,172.7902,81.12,73,67,19.89
40,San Patricio,US,2022-03-22 21:33:18,28.017,-97.5169,82.49,25,0,17.92
41,Jamestown,US,2022-03-22 21:31:55,42.097,-79.2353,50.95,22,100,8.05
42,Buriti Dos Lopes,BR,2022-03-22 21:33:18,-3.175,-41.8669,82.15,96,99,5.28
43,Bredasdorp,ZA,2022-03-22 21:33:19,-34.5322,20.0403,69.46,87,90,13.67
44,Lagoa,PT,2022-03-22 21:33:19,39.05,-27.9833,59.25,79,33,13.35
45,Hilo,US,2022-03-22 21:30:30,19.7297,-155.09,80.33,70,75,5.01
46,Sao Filipe,CV,2022-03-22 21:33:20,14.8961,-24.4956,70.75,74,8,13.67
47,Leningradskiy,RU,2022-03-22 21:34:20,69.3833,178.4167,24.78,83,85,4.7
48,Tura,IN,2022-03-22 21:34:21,25.5198,90.2201,72.5,49,33,2.62
49,Cape Town,ZA,2022-03-22 21:33:58,-33.9258,18.4232,74.12,77,0,8.05
50,Kodinsk,RU,2022-03-22 21:34:21,58.6881,99.1844,8.85,98,100,3.78
51,Bluff,NZ,2022-03-22 21:34:22,-46.6,168.3333,61.48,80,5,5.06
52,Peruibe,BR,2022-03-22 21:34:22,-24.32,-46.9983,71.13,77,41,7.29
53,Esperance,AU,2022-03-22 21:34:23,-33.8667,121.9,60.64,60,96,8.19
54,Nanakuli,US,2022-03-22 21:34:23,21.3906,-158.1547,78.75,68,100,6.91
55,Los Llanos De Aridane,ES,2022-03-22 21:34:23,28.6585,-17.9182,60.55,84,20,5.75
56,Port Alfred,ZA,2022-03-22 21:33:18,-33.5906,26.891,70.5,86,2,11.41
57,Half Moon Bay,US,2022-03-22 21:34:24,37.4636,-122.4286,85.62,43,0,6.91
58,Jimenez,MX,2022-03-22 21:34:24,28.3333,-105.4,70.72,9,0,14.43
59,Basoko,CD,2022-03-22 21:34:25,1.2391,23.616,71.15,88,96,5.1
60,Tuatapere,NZ,2022-03-22 21:34:25,-46.1333,167.6833,66.47,62,20,0.85
61,Tokmak,UA,2022-03-22 21:34:26,47.2514,35.7058,35.62,61,7,8.19
62,Severo-Yeniseyskiy,RU,2022-03-22 21:34:26,60.3725,93.0408,13.73,97,100,3.49
63,Micheweni,TZ,2022-03-22 21:34:27,-4.9667,39.8333,80.82,83,22,8.88
64,Yerbogachen,RU,2022-03-22 21:34:27,61.2767,108.0108,15.24,97,100,3.65
65,Laguna,US,2022-03-22 21:34:28,38.421,-121.4238,83.1,36,0,3.44
66,Kavieng,PG,2022-03-22 21:34:28,-2.5744,150.7967,81.93,76,100,9.15
67,Yara,CU,2022-03-22 21:34:29,20.2753,-76.9533,88.77,34,1,6.62
68,Chokurdakh,RU,2022-03-22 21:34:29,70.6333,147.9167,0.03,98,99,5.12
69,Atuona,PF,2022-03-22 21:34:30,-9.8,-139.0333,79.34,77,100,14.83
70,Dawei,MM,2022-03-22 21:34:30,14.0833,98.2,74.93,92,95,3.02
71,Chuy,UY,2022-03-22 21:34:31,-33.6971,-53.4616,66.33,96,100,7.29
72,Point Pedro,LK,2022-03-22 21:34:31,9.8167,80.2333,78.98,84,29,8.93
73,Nikolskoye,RU,2022-03-22 21:34:32,59.7035,30.7861,33.69,88,2,4.92
74,Mar Del Plata,AR,2022-03-22 21:34:32,-38.0023,-57.5575,75.09,88,0,11.99
75,Saint-Augustin,CA,2022-03-22 21:34:33,51.226,-58.6502,33.93,82,100,18.66
76,Faanui,PF,2022-03-22 21:34:33,-16.4833,-151.75,80.71,74,99,11.68
77,Zhezkazgan,KZ,2022-03-22 21:34:34,47.8043,67.7144,9.54,96,11,6.11
78,Hayvoron,UA,2022-03-22 21:34:34,48.3396,29.8679,40.37,68,0,3.67
79,Bayan,CN,2022-03-22 21:34:35,46.0833,127.4,24.37,78,38,5.44
80,Shakhtinsk,KZ,2022-03-22 21:34:36,49.71,72.5872,15.98,95,99,13.71
81,Gympie,AU,2022-03-22 21:34:36,-26.1898,152.665,70.16,78,2,2.08
82,Cockburn Town,TC,2022-03-22 21:34:37,21.4612,-71.1419,77.76,72,1,20.8
83,Ambon,ID,2022-03-22 21:32:16,-3.6954,128.1814,75.34,94,40,3.44
84,Luanda,AO,2022-03-22 21:31:39,-8.8368,13.2343,82.4,83,75,5.75
85,Kondagaon,IN,2022-03-22 21:34:38,19.6,81.6667,70.02,28,26,2.08
86,Harper,LR,2022-03-22 21:34:38,4.375,-7.7169,79.9,84,100,5.77
87,Tomatlan,MX,2022-03-22 21:34:39,19.9333,-105.25,92.12,17,64,9.66
88,Qaanaaq,GL,2022-03-22 21:34:39,77.484,-69.3632,-6.63,99,100,3.06
89,Vardo,NO,2022-03-22 21:34:39,70.3705,31.1107,30.18,86,100,21.85
90,Varadero,CU,2022-03-22 21:29:50,23.1536,-81.2514,86.76,67,1,24.74
91,Leh,IN,2022-03-22 21:34:40,34.1667,77.5833,16.48,66,1,2.93
92,Mayo,US,2022-03-22 21:31:59,38.8876,-76.5119,69.13,48,0,11.99
93,Carutapera,BR,2022-03-22 21:34:41,-1.195,-46.02,75.65,93,100,2.95
94,Sao Gabriel Da Cachoeira,BR,2022-03-22 21:34:42,-0.1303,-67.0892,76.78,95,82,2.15
95,Homer,US,2022-03-22 21:35:42,59.6425,-151.5483,32.81,50,75,9.22
96,Papetoai,PF,2022-03-22 21:35:43,-17.4961,-149.8729,83.79,73,62,11.12
97,Ribeira Grande,PT,2022-03-22 21:35:43,38.5167,-28.7,59.4,82,40,8.05
98,Celendin,PE,2022-03-22 21:35:44,-6.8703,-78.1517,61.32,71,76,4.54
99,Moose Factory,CA,2022-03-22 21:35:44,51.2585,-80.6094,15.8,79,0,16.11
100,Farafangana,MG,2022-03-22 21:35:45,-22.8167,47.8333,74.62,77,99,0.78
101,Sitka,US,2022-03-22 21:35:45,57.0531,-135.33,46.29,57,100,19.57
102,Port Shepstone,ZA,2022-03-22 21:35:46,-30.7414,30.455,71.1,85,55,10.16
103,Airai,TL,2022-03-22 21:35:46,-8.9266,125.4092,59.74,90,100,1.43
104,Comodoro Rivadavia,AR,2022-03-22 21:35:47,-45.8667,-67.5,66.06,30,0,20.71
105,Ishigaki,JP,2022-03-22 21:35:47,24.3448,124.1572,69.93,100,75,11.5
106,Dillon,US,2022-03-22 21:35:48,34.4166,-79.3712,75.54,51,100,10.07
107,Apan,MX,2022-03-22 21:35:48,19.7167,-98.4167,73.78,13,67,9.46
108,Bengkulu,ID,2022-03-22 21:35:49,-3.8004,102.2655,74.97,86,97,4.14
109,Bull Savanna,JM,2022-03-22 21:35:49,17.8868,-77.5902,78.89,64,40,17.6
110,Blagoveshchensk,RU,2022-03-22 21:35:50,50.2667,127.5333,14.61,85,40,2.24
111,Energetik,RU,2022-03-22 21:35:50,51.7445,58.7934,19.72,89,29,12.57
112,Norman Wells,CA,2022-03-22 21:35:38,65.282,-126.8329,3.24,60,100,12.66
113,Koumac,NC,2022-03-22 21:35:51,-20.5667,164.2833,79.03,76,98,11.68
114,Beyneu,KZ,2022-03-22 21:35:51,45.3167,55.2,29.16,85,6,8.28
115,Khandyga,RU,2022-03-22 21:35:52,62.6667,135.6,-0.29,98,100,1.05
116,Cherskiy,RU,2022-03-22 21:35:52,68.75,161.3,22.01,81,22,8.28
117,Victoria,HK,2022-03-22 21:35:47,22.2855,114.1577,68.32,93,100,1.99
118,Puerto Asis,CO,2022-03-22 21:35:53,0.5133,-76.5007,83.12,72,40,1.57
119,Ponta Do Sol,PT,2022-03-22 21:35:53,32.6667,-17.1,63.05,65,43,10.2
120,Araci,BR,2022-03-22 21:35:54,-11.3333,-38.9667,78.53,70,42,12.24
121,East London,ZA,2022-03-22 21:35:55,-33.0153,27.9116,71.47,82,10,10.92
122,Kodiak,US,2022-03-22 21:35:55,57.79,-152.4072,35.11,48,100,13.8
123,Gebre Guracha,ET,2022-03-22 21:35:56,9.8,38.4,60.19,60,92,2.19
124,Vestmanna,FO,2022-03-22 21:35:56,62.1564,-7.1664,45.52,93,100,10.36
125,Clyde River,CA,2022-03-22 21:35:57,70.4692,-68.5914,-14.57,76,20,4.61
126,Tuktoyaktuk,CA,2022-03-22 21:33:15,69.4541,-133.0374,-9.4,77,75,12.66
127,Poum,NC,2022-03-22 21:35:58,-20.2333,164.0167,79.57,76,95,14.61
128,Necochea,AR,2022-03-22 21:35:58,-38.5473,-58.7368,70.11,45,21,6.87
129,Ahipara,NZ,2022-03-22 21:35:59,-35.1667,173.1667,69.98,75,29,5.66
130,Tiznit,MA,2022-03-22 21:35:59,29.5833,-9.5,54.86,82,100,6.58
131,Kaitangata,NZ,2022-03-22 21:36:00,-46.2817,169.8464,64.63,70,4,1.63
132,Narsaq,GL,2022-03-22 21:36:00,60.9167,-46.05,21.42,71,100,4.43
133,Ereymentau,KZ,2022-03-22 21:36:01,51.6199,73.1033,18.66,94,98,15.46
134,Cayenne,GF,2022-03-22 21:36:01,4.9333,-52.3333,75.24,1,75,6.91
135,San Vicente De Canete,PE,2022-03-22 21:35:58,-13.0751,-76.3835,73.45,73,32,6.78
136,Marsh Harbour,BS,2022-03-22 21:35:29,26.5412,-77.0636,74.05,62,0,17.54
137,Saint-Leu,RE,2022-03-22 21:36:02,-21.15,55.2833,79.63,86,31,6.38
138,Khatanga,RU,2022-03-22 21:36:03,71.9667,102.5,-13.94,97,100,3.98
139,Biak,ID,2022-03-22 21:36:03,-0.9131,122.8766,76.01,85,100,7.65
140,Bethel,US,2022-03-22 21:37:04,41.3712,-73.414,55.02,25,96,8.99
141,Grand Gaube,MU,2022-03-22 21:37:05,-20.0064,57.6608,79.2,89,63,3.0
142,Ninghai,CN,2022-03-22 21:37:05,29.2892,121.4247,45.09,94,100,4.68
143,Nunoa,PE,2022-03-22 21:37:06,-14.48,-70.6411,55.51,61,93,3.85
144,Gasa,PS,2022-03-22 21:36:41,31.5,34.4667,51.48,61,57,1.92
145,Bud,US,2022-03-22 21:37:06,39.447,-86.1758,55.35,94,100,11.86
146,Broome,US,2022-03-22 21:37:07,42.2506,-75.833,46.71,32,0,12.66
147,Luderitz,NA,2022-03-22 21:37:07,-26.6481,15.1594,65.28,84,0,14.29
148,Iqaluit,CA,2022-03-22 21:37:08,63.7506,-68.5145,-5.31,63,20,17.27
149,Doha,QA,2022-03-22 21:37:09,25.2867,51.5333,75.51,66,0,4.61
150,Margate,GB,2022-03-22 21:37:10,51.3813,1.3862,53.31,77,84,1.99
151,Faya,SA,2022-03-22 21:37:10,18.3851,42.4509,59.11,56,0,2.86
152,Lasko,SI,2022-03-22 21:37:11,46.1546,15.2356,43.23,51,0,2.59
153,Lebu,CL,2022-03-22 21:34:29,-37.6167,-73.65,59.02,72,11,7.16
154,Thompson,CA,2022-03-22 21:35:43,55.7435,-97.8558,26.76,93,100,4.61
155,Longyearbyen,SJ,2022-03-22 21:37:12,78.2186,15.6401,8.44,66,20,8.05
156,Novoaleksandrovsk,RU,2022-03-22 21:37:13,45.4948,41.2207,32.95,50,0,13.69
157,Galle,LK,2022-03-22 21:37:13,6.0367,80.217,79.39,83,55,7.54
158,Casper,US,2022-03-22 21:37:14,42.8666,-106.3131,36.72,78,75,17.27
159,Broken Hill,AU,2022-03-22 21:37:14,-31.95,141.4333,60.51,82,40,14.97
160,Ojinaga,MX,2022-03-22 21:33:07,29.5667,-104.4167,65.57,31,0,6.91
161,Sur,OM,2022-03-22 21:37:15,22.5667,59.5289,77.02,50,0,10.29
162,Vytegra,RU,2022-03-22 21:37:15,61.0064,36.4481,25.34,99,80,4.9
163,Tasiilaq,GL,2022-03-22 21:37:16,65.6145,-37.6368,14.16,56,15,3.18
164,Bambous Virieux,MU,2022-03-22 21:37:16,-20.3428,57.7575,79.05,94,75,9.22
165,Igrim,RU,2022-03-22 21:37:17,63.1906,64.4162,23.4,89,79,9.17
166,Colares,PT,2022-03-22 21:37:17,38.7992,-9.4469,55.76,79,100,17.0
167,Padang,ID,2022-03-22 21:37:18,-0.9492,100.3543,76.64,84,88,3.4
168,Morondava,MG,2022-03-22 21:37:18,-20.2833,44.2833,79.88,75,84,4.68
169,Khawhai,IN,2022-03-22 21:37:19,23.3667,93.1167,53.71,53,52,2.44
170,Ampanihy,MG,2022-03-22 21:37:19,-24.7,44.75,67.73,85,0,5.91
171,Gushikawa,JP,2022-03-22 21:37:20,26.3544,127.8686,66.2,97,75,9.22
172,Port Keats,AU,2022-03-22 21:37:21,-14.25,129.55,80.91,83,99,1.28
173,Sarangani,PH,2022-03-22 21:37:21,5.4033,125.4636,82.15,73,96,7.34
174,Provideniya,RU,2022-03-22 21:37:22,64.3833,-173.3,12.36,79,30,0.0
175,Rawson,AR,2022-03-22 21:37:22,-43.3002,-65.1023,72.73,30,1,10.4
176,Touros,BR,2022-03-22 21:37:23,-5.1989,-35.4608,79.9,83,99,10.47
177,Avarua,CK,2022-03-22 21:37:23,-21.2078,-159.775,82.45,78,100,9.22
178,Banfora,BF,2022-03-22 21:37:24,10.6333,-4.7667,91.06,32,85,2.06
179,Puerto Lempira,HN,2022-03-22 21:37:24,15.2667,-83.7667,89.74,62,20,10.36
180,Itarema,BR,2022-03-22 21:37:25,-2.9248,-39.9167,78.78,84,100,7.9
181,Cerritos,US,2022-03-22 21:37:26,33.8583,-118.0648,92.88,40,20,10.36
182,Pandan,PH,2022-03-22 21:37:26,14.0453,124.1694,79.75,81,98,8.63
183,Ongandjera,NA,2022-03-22 21:37:26,-17.8833,15.0667,72.45,74,31,6.71
184,Berezovka,BY,2022-03-22 21:38:27,53.7214,25.4993,42.93,66,0,2.28
185,Calderitas,MX,2022-03-22 21:38:27,18.55,-88.25,87.91,58,40,23.02
186,Ouadda,CF,2022-03-22 21:38:28,8.0777,22.4007,74.8,20,83,2.37
187,Kavaratti,IN,2022-03-22 21:38:29,10.5669,72.642,82.35,65,89,7.52
188,Sinop,TR,2022-03-22 21:38:29,41.7711,34.8709,24.26,93,31,5.35
189,Castro,BR,2022-03-22 21:38:30,-24.7911,-50.0119,66.04,73,75,6.93
190,Tiksi,RU,2022-03-22 21:38:30,71.6872,128.8694,-13.22,98,83,4.54
191,Chandrakona,IN,2022-03-22 21:38:31,22.7333,87.5167,73.99,92,15,3.11
192,Carnarvon,AU,2022-03-22 21:38:31,-24.8667,113.6333,77.07,73,94,10.36
193,Kalispell,US,2022-03-22 21:38:32,48.1958,-114.3129,50.04,46,75,8.05
194,Naliya,IN,2022-03-22 21:38:32,23.2667,68.8333,72.9,77,0,7.85
195,Eyl,SO,2022-03-22 21:38:33,7.9803,49.8164,76.23,80,39,3.13
196,Arman,RU,2022-03-22 21:38:33,59.7,150.1667,14.02,89,99,5.93
197,Puerto Ayora,EC,2022-03-22 21:38:34,-0.7393,-90.3518,85.96,86,57,8.99
198,Puerto Colombia,CO,2022-03-22 21:34:57,10.9878,-74.9547,86.09,79,92,27.58
199,Saint-Michel-Des-Saints,CA,2022-03-22 21:38:36,46.6834,-73.9159,30.94,83,99,11.63
200,Salamiyah,SY,2022-03-22 21:37:50,35.0113,37.0532,41.88,74,69,4.25
201,Taoudenni,ML,2022-03-22 21:38:37,22.6783,-3.9836,76.98,14,0,9.53
202,Paciran,ID,2022-03-22 21:38:37,-6.8767,112.3761,80.04,84,99,3.6
203,Awjilah,LY,2022-03-22 21:38:38,29.1081,21.2869,50.58,50,25,11.25
204,Hamilton,US,2022-03-22 21:35:57,39.1834,-84.5333,68.63,65,100,9.22
205,Dunedin,NZ,2022-03-22 21:38:39,-45.8742,170.5036,61.81,99,4,5.01
206,Viedma,AR,2022-03-22 21:38:39,-40.8135,-62.9967,73.78,28,1,5.32
207,Susangerd,IR,2022-03-22 21:38:40,31.5608,48.1831,69.44,31,12,8.14
208,Horodnya,UA,2022-03-22 21:38:40,51.8909,31.5974,39.81,78,0,5.17
209,Umm Lajj,SA,2022-03-22 21:38:41,25.0213,37.2685,68.45,58,1,13.65
210,Sol-Iletsk,RU,2022-03-22 21:38:41,51.1631,54.9918,8.56,100,95,6.67
211,Kathmandu,NP,2022-03-22 21:37:28,27.7167,85.3167,61.02,82,75,2.3
212,Erzin,TR,2022-03-22 21:38:42,36.9559,36.2,41.97,83,55,5.19
213,Nabire,ID,2022-03-22 21:38:42,-3.3667,135.4833,76.14,92,100,2.95
214,Port Hardy,CA,2022-03-22 21:38:43,50.6996,-127.4199,50.18,87,100,11.5
215,Karasburg,NA,2022-03-22 21:38:43,-28.0167,18.75,70.84,63,78,11.86
216,Hay River,CA,2022-03-22 21:35:24,60.8156,-115.7999,6.78,72,75,11.5
217,Yellowknife,CA,2022-03-22 21:37:54,62.456,-114.3525,15.42,58,40,6.91
218,Marystown,CA,2022-03-22 21:38:45,47.1666,-55.1483,29.86,100,100,5.99
219,Komsomolskiy,UZ,2022-03-22 21:38:45,40.4272,71.7189,48.92,81,100,2.3
220,Alta Floresta,BR,2022-03-22 21:38:46,-9.8756,-56.0861,74.1,94,68,3.89
221,Barrow,US,2022-03-22 21:38:46,71.2906,-156.7887,-20.18,83,0,12.66
222,Yining,CN,2022-03-22 21:38:47,29.0361,114.5636,46.09,94,100,1.34
223,Qingdao,CN,2022-03-22 21:35:59,36.0986,120.3719,42.4,61,0,6.71
224,Bathsheba,BB,2022-03-22 21:38:47,13.2167,-59.5167,81.21,65,40,17.27
225,Teguise,ES,2022-03-22 21:35:42,29.0605,-13.564,61.02,63,20,9.22
226,Soto La Marina,MX,2022-03-22 21:38:48,23.7667,-98.2167,84.78,11,0,14.85
227,Arlit,NE,2022-03-22 21:38:48,18.7369,7.3853,76.87,15,3,11.52
228,Kostomuksha,RU,2022-03-22 21:38:49,64.571,30.5767,30.47,94,95,7.99
229,Vaitape,PF,2022-03-22 21:38:49,-16.5167,-151.75,80.73,74,99,11.56
230,Lompoc,US,2022-03-22 21:36:50,34.6391,-120.4579,88.79,34,20,10.36
231,Gravdal,NO,2022-03-22 21:39:50,68.1214,13.5031,42.69,75,75,8.05
232,Basco,PH,2022-03-22 21:39:51,20.4487,121.9702,77.76,75,100,6.6
233,Severo-Kurilsk,RU,2022-03-22 21:38:58,50.6789,156.125,27.16,70,100,7.2
234,Lavrentiya,RU,2022-03-22 21:39:51,65.5833,-171.0,11.48,79,80,2.8
235,Alofi,NU,2022-03-22 21:39:52,-19.0595,-169.9187,84.09,84,75,11.52
236,Naze,JP,2022-03-22 21:39:52,28.3667,129.4833,61.72,81,100,8.03
237,Luwuk,ID,2022-03-22 21:39:53,-0.9516,122.7875,76.89,88,100,6.49
238,Mount Gambier,AU,2022-03-22 21:39:53,-37.8333,140.7667,46.31,93,40,6.91
239,El Dorado,US,2022-03-22 21:39:54,38.7666,-120.5177,74.19,47,2,1.99
240,Puerto Escondido,MX,2022-03-22 21:39:54,15.85,-97.0667,88.63,70,40,10.36
241,Lasa,IT,2022-03-22 21:39:55,46.6166,10.7002,39.02,61,1,1.45
242,Mahenge,TZ,2022-03-22 21:39:55,-8.6833,36.7167,62.89,96,100,1.95
243,Chernyshevskiy,RU,2022-03-22 21:39:56,63.0128,112.4714,14.2,95,100,6.44
244,Houma,US,2022-03-22 21:39:56,29.5958,-90.7195,75.99,91,100,25.32
245,Codrington,AU,2022-03-22 21:39:57,-38.2667,141.9667,60.01,64,100,10.67
246,Ayan,RU,2022-03-22 21:39:58,56.45,138.1667,14.16,73,100,11.27
247,Beringovskiy,RU,2022-03-22 21:39:58,63.05,179.3167,17.69,93,93,8.7
248,Kapit,MY,2022-03-22 21:39:59,2.0167,112.9333,72.32,94,100,1.5
249,Ruidoso,US,2022-03-22 21:39:59,33.3317,-105.673,35.96,83,20,4.61
250,Prince Rupert,CA,2022-03-22 21:35:08,54.3161,-130.3201,42.89,93,100,8.05
251,Acarau,BR,2022-03-22 21:40:00,-2.8856,-40.12,79.21,84,97,8.9
252,Santa Marinella,IT,2022-03-22 21:40:01,42.0345,11.8536,46.31,71,0,9.35
253,Nago,JP,2022-03-22 21:40:01,26.5881,127.9761,67.05,95,100,1.21
254,Hasaki,JP,2022-03-22 21:40:02,35.7333,140.8333,30.6,54,53,20.18
255,Llata,PE,2022-03-22 21:40:02,-9.4167,-76.7833,58.75,79,76,5.35
256,Yudong,CN,2022-03-22 21:40:03,29.385,106.5194,58.37,99,100,0.54
257,Vysokogornyy,RU,2022-03-22 21:40:03,50.1167,139.15,14.31,98,99,4.03
258,Port Blair,IN,2022-03-22 21:40:03,11.6667,92.75,77.04,94,40,1.14
259,Mazamari,PE,2022-03-22 21:40:04,-11.3258,-74.5308,81.1,71,76,0.76
260,Flin Flon,CA,2022-03-22 21:35:43,54.7682,-101.865,33.64,75,75,12.66
261,Kondinskoye,RU,2022-03-22 21:40:05,59.6481,67.41,25.3,95,100,9.44
262,Okhotsk,RU,2022-03-22 21:38:06,59.3833,143.3,19.74,94,100,7.58
263,Wamba,NG,2022-03-22 21:40:05,8.9333,8.6,84.15,35,80,3.04
264,Coquimbo,CL,2022-03-22 21:40:06,-29.9533,-71.3436,64.13,77,20,12.66
265,Alyangula,AU,2022-03-22 21:40:07,-13.8483,136.4192,73.27,100,100,0.0
266,Bac Lieu,VN,2022-03-22 21:40:07,9.285,105.7244,79.81,81,30,4.68
267,Ottumwa,US,2022-03-22 21:40:08,41.02,-92.4113,55.94,94,100,8.05
268,Aviles,ES,2022-03-22 21:40:09,43.5547,-5.9248,60.17,72,20,2.3
269,Voi,KE,2022-03-22 21:40:09,-3.3945,38.563,74.23,84,38,8.12
270,Santiago,CL,2022-03-22 21:40:10,-33.4569,-70.6483,82.29,30,0,16.11
271,Ilulissat,GL,2022-03-22 21:40:10,69.2167,-51.1,3.22,66,75,13.8
272,Boundiali,CI,2022-03-22 21:40:10,9.5217,-6.4869,85.42,41,60,3.56
273,Buraydah,SA,2022-03-22 21:40:11,26.326,43.975,72.05,18,50,8.03
274,Japura,ID,2022-03-22 21:40:12,-0.3167,102.35,74.93,97,94,0.89
275,Saint Anthony,US,2022-03-22 21:40:12,45.0205,-93.218,42.73,92,100,11.5
276,Sisimiut,GL,2022-03-22 21:40:13,66.9395,-53.6735,-0.9,98,100,4.52
277,Kuopio,FI,2022-03-22 21:41:13,62.8924,27.677,37.35,48,0,4.61
278,Lata,PT,2022-03-22 21:41:14,40.1629,-8.3327,56.8,96,100,3.18
279,Svetlaya,RU,2022-03-22 21:41:15,46.5389,138.3297,28.15,77,73,8.68
280,Katsuura,JP,2022-03-22 21:41:15,35.1333,140.3,43.25,69,96,15.21
281,San Cristobal,VE,2022-03-22 21:37:01,7.7669,-72.225,77.18,63,96,3.02
282,Dongsheng,CN,2022-03-22 21:41:16,39.8161,109.9776,31.24,80,77,10.78
283,Betong,TH,2022-03-22 21:41:17,5.7743,101.0723,70.81,98,98,1.61
284,Inuvik,CA,2022-03-22 21:41:17,68.3499,-133.7218,-1.44,68,100,10.36
285,Talnakh,RU,2022-03-22 21:41:18,69.4865,88.3972,1.2,91,100,8.5
286,Pisco,PE,2022-03-22 21:41:19,-13.7,-76.2167,75.02,68,0,25.32
287,Yulara,AU,2022-03-22 21:41:19,-25.2406,130.9889,75.04,38,12,8.05
288,Asosa,ET,2022-03-22 21:41:20,10.0667,34.5333,72.45,14,36,3.58
289,Saskylakh,RU,2022-03-22 21:41:20,71.9167,114.0833,-14.28,100,99,2.13
290,Tres Coroas,BR,2022-03-22 21:41:21,-29.5169,-50.7778,78.69,74,91,5.21
291,Koratla,IN,2022-03-22 21:41:21,18.8167,78.7167,78.64,43,37,1.77
292,Horadiz,AZ,2022-03-22 21:41:22,39.4488,47.3353,36.37,81,100,9.24
293,Hit,IQ,2022-03-22 21:41:22,33.6416,42.8251,53.46,55,0,8.86
294,Arraial Do Cabo,BR,2022-03-22 21:41:23,-22.9661,-42.0278,75.16,78,75,11.5
295,Folkestone,GB,2022-03-22 21:37:41,51.0833,1.1833,53.33,67,35,1.01
296,Copiapo,CL,2022-03-22 21:41:24,-27.3667,-70.3333,67.69,44,0,7.49
297,Pevek,RU,2022-03-22 21:41:24,69.7008,170.3133,24.62,78,100,22.62
298,Andenes,NO,2022-03-22 21:41:25,69.3143,16.1194,42.78,87,75,27.63
299,Andra,RU,2022-03-22 21:41:26,62.5147,65.8878,12.6,99,85,5.59
300,Launceston,AU,2022-03-22 21:41:26,-41.45,147.1667,54.81,87,77,9.22
301,Acapulco,MX,2022-03-22 21:39:50,16.8634,-99.8901,84.02,65,20,9.22
302,Eydhafushi,MV,2022-03-22 21:41:27,5.1033,73.0708,81.73,70,6,11.01
303,Mulchen,CL,2022-03-22 21:41:27,-37.7167,-72.2333,76.86,33,4,3.87
304,Pyapon,MM,2022-03-22 21:41:28,16.2833,95.6833,77.45,84,100,5.21
305,Wasilla,US,2022-03-22 21:39:41,61.5814,-149.4394,36.07,43,0,19.57
306,Santa Cruz Cabralia,BR,2022-03-22 21:41:29,-16.2781,-39.0247,77.23,88,20,6.91
307,Quatre Cocos,MU,2022-03-22 21:41:30,-20.2078,57.7625,78.91,85,33,10.96
308,Swan Hill,AU,2022-03-22 21:41:31,-35.3378,143.5544,60.51,60,82,13.2
309,Gaoual,GN,2022-03-22 21:41:31,11.75,-13.2,90.36,17,81,5.55
310,Sterling,US,2022-03-22 21:39:51,39.0062,-77.4286,70.59,38,75,4.61
311,Ciamis,ID,2022-03-22 21:41:32,-7.3257,108.3534,73.44,94,92,1.72
312,Huancabamba,PE,2022-03-22 21:41:32,-5.2386,-79.4506,64.78,92,92,1.83
313,Kingston,JM,2022-03-22 21:39:12,17.997,-76.7936,83.21,66,40,19.57
314,Geraldton,AU,2022-03-22 21:41:33,-28.7667,114.6,59.41,67,0,4.61
315,Vestmannaeyjar,IS,2022-03-22 21:41:33,63.4427,-20.2734,45.97,90,100,7.72
316,Olafsvik,IS,2022-03-22 21:41:34,64.8945,-23.7142,34.27,94,100,22.82
317,Gilgit,PK,2022-03-22 21:41:34,35.9221,74.3087,50.31,58,100,3.29
318,Maningrida,AU,2022-03-22 21:41:35,-12.0667,134.2667,77.41,91,96,4.29
319,Campbellsville,US,2022-03-22 21:41:35,37.3434,-85.3419,72.18,34,99,7.0
320,Banda Aceh,ID,2022-03-22 21:42:36,5.5577,95.3222,79.02,80,76,8.37
321,Itinga,BR,2022-03-22 21:42:36,-16.6131,-41.7653,71.53,89,30,5.23
322,Chaihe,CN,2022-03-22 21:42:37,44.7667,129.7,21.38,92,100,3.51
323,Alta,NO,2022-03-22 21:42:37,69.9689,23.2717,31.26,86,100,11.5
324,Vavoua,CI,2022-03-22 21:42:38,7.3819,-6.4778,79.97,64,99,5.39
325,Pishin,PK,2022-03-22 21:42:38,30.5803,66.9961,61.09,25,0,2.28
326,Rura,IN,2022-03-22 21:42:39,26.4833,79.9,74.35,14,7,7.58
327,Santa Cruz,BO,2022-03-22 21:42:39,-17.8,-63.1667,87.26,62,40,17.27
328,Bilma,NE,2022-03-22 21:42:40,18.6853,12.9164,72.7,18,2,15.97
329,Port Lincoln,AU,2022-03-22 21:42:40,-34.7333,135.8667,62.1,73,100,15.12
330,Saint-Claude,FR,2022-03-22 21:42:41,46.5,5.8333,38.37,80,17,1.9
331,Jutai,BR,2022-03-22 21:42:41,-5.1833,-68.9,79.18,94,42,2.15
332,Euclides Da Cunha,BR,2022-03-22 21:42:42,-10.5075,-39.0158,79.95,57,27,11.9
333,Caravelas,BR,2022-03-22 21:42:42,-17.7125,-39.2481,74.82,91,67,9.22
334,Bonavista,CA,2022-03-22 21:38:00,48.6499,-53.1147,30.2,75,100,28.1
335,Nikel,RU,2022-03-22 21:42:43,69.4128,30.222,32.18,96,100,5.23
336,Sola,VU,2022-03-22 21:42:43,-13.8833,167.55,83.07,74,40,2.3
337,Kirakira,SB,2022-03-22 21:42:44,-10.4544,161.9205,83.08,74,82,5.3
338,Jiwani,PK,2022-03-22 21:42:44,25.05,61.7417,74.55,79,0,8.77
339,Valparaiso,CL,2022-03-22 21:42:45,-33.0393,-71.6273,71.83,55,0,12.66
340,Nicolas Bravo,MX,2022-03-22 21:42:45,18.45,-88.9167,89.01,39,5,9.84
341,Miranda,CO,2022-03-22 21:42:46,3.2499,-76.2281,82.53,81,96,0.25
342,La Ronge,CA,2022-03-22 21:42:46,55.1001,-105.2842,37.65,48,0,10.36
343,Rognan,NO,2022-03-22 21:42:47,67.0953,15.3878,42.94,90,84,7.58
344,Magadan,RU,2022-03-22 21:42:47,59.5667,150.8,13.53,92,94,7.18
345,Quelimane,MZ,2022-03-22 21:42:48,-17.8786,36.8883,76.95,94,40,3.44
346,Muros,ES,2022-03-22 21:40:26,42.7762,-9.0603,54.84,90,100,6.71
347,Gunjur,GM,2022-03-22 21:42:48,13.2019,-16.7339,69.98,72,6,19.28
348,Santiago Del Estero,AR,2022-03-22 21:41:34,-27.7951,-64.2615,79.21,60,30,5.3
349,Vao,NC,2022-03-22 21:42:49,-22.6667,167.4833,76.19,69,53,9.35
350,Coahuayana,MX,2022-03-22 21:42:49,18.7333,-103.6833,86.18,38,27,7.9
351,Burnie,AU,2022-03-22 21:42:50,-41.0667,145.9167,59.92,65,76,14.16
352,Rudnogorsk,RU,2022-03-22 21:42:50,57.2639,103.7519,11.5,98,100,2.35
353,Tromso,NO,2022-03-22 21:42:51,69.6496,18.957,38.37,87,75,9.22
354,Bhopal,IN,2022-03-22 21:42:51,23.2667,77.4,73.63,31,6,2.3
355,Kenai,US,2022-03-22 21:42:52,60.5544,-151.2583,30.29,50,75,27.63
356,Hofn,IS,2022-03-22 21:42:52,64.2539,-15.2082,45.36,99,100,5.17
357,Taganak,PH,2022-03-22 21:42:52,6.0833,118.3,77.14,77,84,4.12
358,Elko,US,2022-03-22 21:42:53,41.0002,-115.5012,53.22,55,97,11.01
359,Gat,IL,2022-03-22 21:42:53,31.61,34.7642,50.4,67,58,2.17
360,Mnogovershinnyy,RU,2022-03-22 21:42:54,53.9353,139.9242,9.19,79,20,7.99
361,Bowen,AU,2022-03-22 21:42:54,-20.0167,148.2333,75.0,76,2,6.44
362,Willowmore,ZA,2022-03-22 21:42:55,-33.2926,23.4895,66.94,64,0,7.11
363,Victoria Point,AU,2022-03-22 21:42:55,-27.5833,153.3,72.95,89,6,1.01
364,Nome,US,2022-03-22 21:42:56,64.5011,-165.4064,10.17,66,0,0.0
365,San Juan,AR,2022-03-22 21:39:58,-31.5375,-68.5364,80.83,29,0,6.42
366,Sao Joao Da Barra,BR,2022-03-22 21:42:56,-21.6403,-41.0511,73.49,71,37,11.61
367,Yantal,RU,2022-03-22 21:42:57,56.8471,105.2542,13.55,97,100,4.03
368,Srednekolymsk,RU,2022-03-22 21:42:57,67.45,153.6833,9.01,93,99,3.44
369,Khilok,RU,2022-03-22 21:43:58,51.3674,110.4676,3.69,97,49,2.66
370,Ngunguru,NZ,2022-03-22 21:43:58,-35.6167,174.5,69.87,81,5,5.46
371,Kandrian,PG,2022-03-22 21:43:59,-6.2167,149.55,80.24,81,100,7.25
372,Balabagan,PH,2022-03-22 21:43:59,7.5264,124.1142,77.05,86,96,4.03
373,Buala,SB,2022-03-22 21:44:00,-8.145,159.5921,83.3,73,91,4.52
374,Yaring,TH,2022-03-22 21:44:00,6.8662,101.3689,78.3,83,100,3.83
375,College,US,2022-03-22 21:43:12,64.8569,-147.8028,14.47,66,100,6.91
376,Camacha,PT,2022-03-22 21:44:01,33.0833,-16.3333,56.62,72,40,11.5
377,Asyut,EG,2022-03-22 21:44:01,27.181,31.1837,53.78,37,0,9.86
378,Pangody,RU,2022-03-22 21:44:02,65.85,74.4859,0.03,98,100,11.3
379,Raga,SS,2022-03-22 21:44:02,8.4596,25.678,82.17,10,93,3.18
380,Namibe,AO,2022-03-22 21:44:03,-15.1961,12.1522,76.3,72,97,4.14
381,Ixtapa,MX,2022-03-22 21:44:03,20.7,-105.2,76.23,61,40,17.27
382,Taree,AU,2022-03-22 21:41:15,-31.9,152.4667,67.1,100,57,0.0
383,Utete,TZ,2022-03-22 21:44:04,-7.986,38.758,73.11,98,33,2.39
384,Aklavik,CA,2022-03-22 21:44:05,68.2191,-135.0107,-4.0,65,75,6.91
385,Emba,KZ,2022-03-22 21:44:05,48.8264,58.1442,2.75,100,94,1.63
386,Auki,SB,2022-03-22 21:44:06,-8.7676,160.7034,81.28,81,100,3.24
387,Constitucion,CL,2022-03-22 21:44:06,-35.3333,-72.4167,60.19,70,0,14.7
388,Vila Franca Do Campo,PT,2022-03-22 21:44:07,37.7167,-25.4333,60.19,84,52,8.05
389,Bluefields,NI,2022-03-22 21:44:07,12.0137,-83.7635,82.47,78,75,13.8
390,Tual,ID,2022-03-22 21:44:08,-5.6667,132.75,80.1,82,100,13.09
391,Turgenevo,RU,2022-03-22 21:44:08,54.8455,46.3297,33.94,95,100,5.17
392,Veinticinco De Mayo,AR,2022-03-22 21:44:09,-35.4323,-60.1727,76.98,62,3,1.99
393,Guerrero Negro,MX,2022-03-22 21:44:09,27.9769,-114.0611,72.57,43,5,15.84
394,Peque,CO,2022-03-22 21:44:10,7.0212,-75.9093,72.54,93,100,1.07
395,Coromandel,BR,2022-03-22 21:44:10,-18.4733,-47.2003,70.75,68,96,4.18
396,Toropets,RU,2022-03-22 21:44:11,56.4978,31.6353,27.39,96,0,2.89
397,Hambantota,LK,2022-03-22 21:44:11,6.1241,81.1185,79.14,100,40,3.44
398,Sao Francisco,BR,2022-03-22 21:44:12,-15.9486,-44.8644,75.18,64,34,6.33
399,Puerto Madryn,AR,2022-03-22 21:44:12,-42.7692,-65.0385,70.3,38,2,15.01
400,Sechura,PE,2022-03-22 21:44:13,-5.5569,-80.8222,81.64,55,85,18.88
401,Abalak,RU,2022-03-22 21:44:13,58.1286,68.5944,22.69,96,100,8.43
402,Troitsko-Pechorsk,RU,2022-03-22 21:44:13,62.7084,56.1964,26.37,84,95,15.57
403,West Lake Stevens,US,2022-03-22 21:44:14,47.9934,-122.1018,64.42,76,75,12.66
404,Qasigiannguit,GL,2022-03-22 21:44:14,68.8193,-51.1922,3.45,97,100,6.71
405,Am Timan,TD,2022-03-22 21:44:15,11.0297,20.2827,87.3,9,100,6.22
406,Watertown,US,2022-03-22 21:44:15,42.3709,-71.1828,51.71,27,0,18.41
407,Avera,US,2022-03-22 21:40:18,33.194,-82.5271,76.51,52,100,11.45
408,Eureka,US,2022-03-22 21:42:10,40.8021,-124.1637,67.12,76,8,4.0
409,Lorengau,PG,2022-03-22 21:44:16,-2.0226,147.2712,82.69,75,100,5.59
410,Ban Nahin,LA,2022-03-22 21:44:17,18.2418,104.2122,75.87,85,100,2.68
411,Vilhena,BR,2022-03-22 21:44:17,-12.7406,-60.1458,80.82,74,40,6.91
412,Carballo,ES,2022-03-22 21:44:18,43.213,-8.691,55.09,87,100,2.55
413,Joao Camara,BR,2022-03-22 21:44:18,-5.5375,-35.8197,77.23,83,97,9.35
414,Mogzon,RU,2022-03-22 21:44:19,51.7435,111.9606,0.9,99,89,1.83
415,Mao,ES,2022-03-22 21:44:19,39.8885,4.2658,54.16,62,40,13.8
416,Riyadh,SA,2022-03-22 21:44:20,24.6877,46.7219,71.74,16,0,2.35
417,Muravlenko,RU,2022-03-22 21:44:20,63.7898,74.523,-7.78,100,100,7.9
418,Vostok,RU,2022-03-22 21:40:21,46.4856,135.8833,17.85,95,99,4.83
419,Oranjemund,NA,2022-03-22 21:45:21,-28.55,16.4333,63.82,91,65,3.65
420,Cardston,CA,2022-03-22 21:45:22,49.2,-113.3019,55.69,35,72,16.11
421,Ancud,CL,2022-03-22 21:45:22,-41.8697,-73.8203,55.22,88,100,21.41
422,Kalmunai,LK,2022-03-22 21:45:23,7.4167,81.8167,78.15,86,79,4.09
423,Pacific Grove,US,2022-03-22 21:45:23,36.6177,-121.9166,83.88,55,0,6.91
424,Kemin,KG,2022-03-22 21:45:24,42.7846,75.6892,32.29,97,100,2.91
425,Springbok,ZA,2022-03-22 21:45:24,-29.6643,17.8865,69.22,60,0,9.42
426,Dok Kham Tai,TH,2022-03-22 21:45:25,19.1624,99.9934,73.53,91,90,2.84
427,Mitsamiouli,KM,2022-03-22 21:42:49,-11.3847,43.2844,81.21,78,10,5.03
428,Fortuna,US,2022-03-22 21:45:26,40.5982,-124.1573,66.85,78,0,5.75
429,Westport,US,2022-03-22 21:45:26,41.1415,-73.3579,56.75,16,0,16.11
430,Tocopilla,CL,2022-03-22 21:45:27,-22.092,-70.1979,69.66,72,18,9.08
431,Jiangyou,CN,2022-03-22 21:45:27,31.7667,104.7167,50.04,89,100,2.91
432,Krasnaya Gorka,RU,2022-03-22 21:45:28,55.1962,56.6673,30.83,96,100,9.73
433,Safranbolu,TR,2022-03-22 21:45:28,41.2508,32.6942,27.19,94,71,2.35
434,Keetmanshoop,NA,2022-03-22 21:45:29,-26.5833,18.1333,70.72,68,98,2.3
435,Nailsea,GB,2022-03-22 21:45:02,51.4324,-2.7585,51.13,69,1,8.05
436,Sorland,NO,2022-03-22 21:45:30,67.667,12.6934,41.92,90,92,24.47
437,Finnsnes,NO,2022-03-22 21:45:30,69.2296,17.9811,39.81,99,100,9.26
438,Puerto Leguizamo,CO,2022-03-22 21:45:31,-0.1934,-74.7819,79.84,86,42,3.06
439,Bandarbeyla,SO,2022-03-22 21:45:31,9.4942,50.8122,76.15,80,59,1.99
440,Newport,GB,2022-03-22 21:41:07,51.5877,-2.9984,51.67,71,1,8.41
441,Panaba,MX,2022-03-22 21:45:32,21.2833,-88.2667,93.4,33,0,21.85
442,Sao Jose Da Coroa Grande,BR,2022-03-22 21:45:33,-8.8978,-35.1478,79.32,81,73,7.18
443,Mehamn,NO,2022-03-22 21:45:33,71.0357,27.8492,30.11,93,100,25.32
444,Iquique,CL,2022-03-22 21:40:38,-20.2208,-70.1431,69.84,74,12,6.89
445,Santarem,BR,2022-03-22 21:41:22,-2.4431,-54.7083,86.13,74,40,5.75
446,Mangan,IN,2022-03-22 21:45:34,27.5167,88.5333,66.27,81,54,3.67
447,Abu Samrah,SY,2022-03-22 21:45:35,35.3029,37.1841,43.21,69,76,5.46
448,Zhanaozen,KZ,2022-03-22 21:45:35,43.3,52.8,30.43,67,25,13.89
449,Bilibino,RU,2022-03-22 21:45:36,68.0546,166.4372,16.97,92,100,2.3
450,Saint George,US,2022-03-22 21:41:01,37.1041,-113.5841,68.63,21,0,25.32
451,Palkino,RU,2022-03-22 21:45:36,57.5409,28.0126,26.35,90,2,4.0
452,Gua Musang,MY,2022-03-22 21:45:37,4.8823,101.9644,73.69,99,99,0.6
453,Amet,IN,2022-03-22 21:45:38,25.3,73.9333,72.91,14,18,9.64
454,Gladstone,AU,2022-03-22 21:45:38,-23.85,151.25,75.78,83,12,5.75
455,Labuhan,ID,2022-03-22 21:45:39,-6.8844,112.2051,79.72,85,99,3.15
456,Tateyama,JP,2022-03-22 21:45:39,34.9833,139.8667,39.09,71,93,13.62
457,Neuquen,AR,2022-03-22 21:45:40,-38.9516,-68.0591,80.49,26,0,6.91
458,Cidreira,BR,2022-03-22 21:45:41,-30.1811,-50.2056,73.13,76,100,25.66
459,Yeppoon,AU,2022-03-22 21:45:41,-23.1333,150.7333,71.38,65,12,2.21
460,Bambanglipuro,ID,2022-03-22 21:45:42,-7.95,110.2833,77.65,86,100,4.52
461,Urucara,BR,2022-03-22 21:45:42,-2.5364,-57.76,77.68,88,71,1.77
462,Haines Junction,CA,2022-03-22 21:46:43,60.7522,-137.5108,17.55,86,100,6.91
463,Manokwari,ID,2022-03-22 21:46:44,-0.8667,134.0833,77.29,84,99,4.12
464,Bereda,ES,2022-03-22 21:46:44,43.2686,-7.5406,47.14,95,100,2.15
465,Yingcheng,CN,2022-03-22 21:46:45,30.95,113.55,40.42,92,99,2.75
466,Waingapu,ID,2022-03-22 21:46:45,-9.6567,120.2641,77.88,85,99,5.68
467,Mildura,AU,2022-03-22 21:46:46,-34.2,142.15,57.07,88,51,5.75
468,Kahului,US,2022-03-22 21:46:47,20.8947,-156.47,82.42,66,40,23.02
469,Qujing,CN,2022-03-22 21:46:47,25.4833,103.7833,55.63,86,100,3.85
470,Kurilsk,RU,2022-03-22 21:46:47,45.2333,147.8833,30.07,75,11,10.2
471,Teya,RU,2022-03-22 21:46:48,60.3778,92.6267,17.33,97,100,2.8
472,Asau,RO,2022-03-22 21:45:58,46.4333,26.4,40.28,78,3,4.88
473,Taltal,CL,2022-03-22 21:45:30,-25.4,-70.4833,67.68,73,22,6.58
474,Port-Gentil,GA,2022-03-22 21:46:49,-0.7193,8.7815,80.56,83,20,5.75
475,Hobyo,SO,2022-03-22 21:46:50,5.3505,48.5268,78.67,77,12,11.07
476,Saint-Denis,FR,2022-03-22 21:46:50,48.9167,2.3333,56.1,54,0,8.05
477,Cuamba,MZ,2022-03-22 21:46:51,-14.8031,36.5372,67.82,92,76,3.31
478,Anloga,GH,2022-03-22 21:46:51,5.7947,0.8973,83.25,82,96,12.28
479,Pedernales,DO,2022-03-22 21:46:52,18.0384,-71.744,83.89,53,0,13.04
480,Pemangkat,ID,2022-03-22 21:46:53,1.1667,108.9667,77.49,78,100,4.43
481,Hovd,MN,2022-03-22 21:46:53,48.0056,91.6419,24.37,41,100,6.69
482,Trat,TH,2022-03-22 21:46:54,12.5,102.5,80.91,95,64,0.4
483,Palmeira Das Missoes,BR,2022-03-22 21:46:54,-27.8994,-53.3136,73.38,63,81,6.42
484,Camana,PE,2022-03-22 21:46:55,-16.6228,-72.7111,72.0,74,33,7.18
485,Kuryk,KZ,2022-03-22 21:46:55,43.2,51.65,32.7,73,3,13.56
486,Mocorito,MX,2022-03-22 21:46:56,25.4833,-107.9167,85.26,8,0,9.33
487,Tahta,EG,2022-03-22 21:46:56,26.7693,31.5021,53.98,35,0,7.45
488,Bafra,TR,2022-03-22 21:46:57,41.5678,35.9069,37.76,83,49,5.93
489,Cadillac,US,2022-03-22 21:46:57,44.2519,-85.4012,42.08,38,100,17.27
490,Rio Grande,BR,2022-03-22 21:46:58,-32.035,-52.0986,73.51,78,100,21.97
491,Balezino,RU,2022-03-22 21:46:58,57.9796,53.0106,32.34,83,93,11.43
492,Fare,PF,2022-03-22 21:46:59,-16.7,-151.0167,80.82,73,97,10.49
493,The Valley,AI,2022-03-22 21:46:22,18.217,-63.0578,82.26,65,40,12.66
494,Ostrovnoy,RU,2022-03-22 21:47:00,68.0531,39.5131,29.12,87,99,20.0
495,Bucerias,MX,2022-03-22 21:47:00,20.75,-105.3333,76.98,61,40,17.27
496,Kuruman,ZA,2022-03-22 21:47:01,-27.4524,23.4325,61.99,71,91,12.35
497,Salym,RU,2022-03-22 21:47:01,60.0625,71.4789,13.19,98,100,5.03
498,Boyabat,TR,2022-03-22 21:47:02,41.4689,34.7667,31.87,81,17,3.0
499,Warwick,US,2022-03-22 21:47:03,41.7001,-71.4162,53.28,25,72,4.0
500,Rawlins,US,2022-03-22 21:44:12,41.7911,-107.2387,36.36,48,75,21.85
501,Tosya,TR,2022-03-22 21:47:03,41.0155,34.0401,28.4,80,12,3.0
502,Trojes,AL,2022-03-22 21:47:04,41.756,19.962,36.09,63,1,7.45
503,Celestun,MX,2022-03-22 21:47:04,20.8667,-90.4,86.85,58,0,7.14
504,Pattaya,TH,2022-03-22 21:47:05,12.9333,100.8833,86.88,81,87,7.67
505,Kita,ML,2022-03-22 21:47:06,13.0349,-9.4895,90.27,15,9,4.9
506,Nishihara,JP,2022-03-22 21:47:07,26.1842,127.7558,66.25,100,100,9.22
507,Rocha,UY,2022-03-22 21:48:07,-34.4833,-54.3333,68.86,80,100,8.88
508,Tautira,PF,2022-03-22 21:48:08,-17.7333,-149.15,80.33,76,51,10.2
509,Marevo,RU,2022-03-22 21:48:08,57.3146,32.0804,26.92,97,8,3.51
510,Portland,US,2022-03-22 21:48:05,45.5234,-122.6762,69.33,76,40,9.22
511,Cairns,AU,2022-03-22 21:48:09,-16.9167,145.7667,77.07,90,42,9.22
512,Correntina,BR,2022-03-22 21:48:10,-13.3433,-44.6367,77.61,57,74,6.38
513,Whitehorse,CA,2022-03-22 21:48:10,60.7161,-135.0538,41.09,58,40,20.71
514,Stawell,AU,2022-03-22 21:48:11,-37.05,142.7667,55.45,62,13,9.17
515,Zyryanskoye,RU,2022-03-22 21:48:11,56.8306,86.6258,17.89,92,100,11.41
516,Guasave,MX,2022-03-22 21:43:15,25.5667,-108.45,86.05,25,0,4.0
517,Namangan,UZ,2022-03-22 21:48:12,40.9983,71.6726,48.65,87,100,2.3
518,San Carlos De Bariloche,AR,2022-03-22 21:48:12,-41.1456,-71.3082,62.35,39,20,26.46
519,Alice Springs,AU,2022-03-22 21:44:05,-23.7,133.8833,63.95,48,29,6.91
520,Natal,BR,2022-03-22 21:47:06,-5.795,-35.2094,80.82,89,75,5.75
521,Husavik,IS,2022-03-22 21:48:13,66.0449,-17.3389,31.06,94,100,16.96
522,Novosil,RU,2022-03-22 21:48:14,52.9739,37.0405,34.21,95,100,7.78
523,Kindu,CD,2022-03-22 21:48:15,-2.95,25.95,69.21,98,100,1.1
524,Piacabucu,BR,2022-03-22 21:48:15,-10.4056,-36.4344,80.29,76,57,8.12
525,Yar-Sale,RU,2022-03-22 21:48:16,66.8333,70.8333,13.08,96,99,11.05
526,Pombas,CV,2022-03-22 21:48:16,17.1503,-25.0201,67.78,72,8,17.02
527,Jos,NG,2022-03-22 21:48:17,9.9167,8.9,76.32,29,96,3.09
528,Maniitsoq,GL,2022-03-22 21:43:55,65.4167,-52.9,0.61,97,76,9.4
529,Roma,US,2022-03-22 21:48:18,43.2128,-75.4557,44.74,38,0,13.0
530,Ostersund,SE,2022-03-22 21:48:19,63.1792,14.6357,32.45,93,100,12.66
531,Ylivieska,FI,2022-03-22 21:48:19,64.0833,24.55,31.32,93,14,5.64
532,Nizhniy Tsasuchey,RU,2022-03-22 21:48:20,50.5167,115.1333,17.55,86,89,6.82
533,Diffa,NE,2022-03-22 21:48:20,13.3154,12.6113,84.29,11,51,9.95
534,Buta,CD,2022-03-22 21:48:21,2.7858,24.73,68.79,99,100,3.13
535,Kulhudhuffushi,MV,2022-03-22 21:46:18,6.6221,73.07,81.84,68,8,10.45
536,Havelock,US,2022-03-22 21:48:21,34.8791,-76.9013,69.98,66,40,13.8
537,Saldanha,ZA,2022-03-22 21:48:22,-33.0117,17.9442,75.25,82,98,0.63
538,Bhawanigarh,IN,2022-03-22 21:48:22,30.2667,76.035,68.61,17,0,4.97
539,Savannah Bight,HN,2022-03-22 21:48:23,16.45,-85.85,80.98,77,3,31.72
540,Santa Maria Do Para,BR,2022-03-22 21:48:23,-1.3503,-47.5756,74.25,96,100,5.37
541,Hare Bay,CA,2022-03-22 21:48:24,48.8499,-54.0148,29.55,80,100,17.34
542,Kungurtug,RU,2022-03-22 21:48:24,50.5994,97.5228,9.21,87,100,2.46
543,Maxixe,MZ,2022-03-22 21:48:24,-23.8597,35.3472,74.01,76,64,7.4
544,Klamath Falls,US,2022-03-22 21:47:49,42.2249,-121.7817,67.86,48,0,4.61
545,Zhigansk,RU,2022-03-22 21:48:25,66.7697,123.3711,-12.12,100,98,5.37
546,Lianran,CN,2022-03-22 21:48:26,24.9227,102.485,52.34,79,100,5.17
547,Riberalta,BO,2022-03-22 21:48:26,-10.9833,-66.1,80.8,83,75,0.0
548,Batagay-Alyta,RU,2022-03-22 21:48:26,67.8006,130.4114,-16.15,75,96,5.59
549,Yumen,CN,2022-03-22 21:48:27,40.2833,97.2,38.48,54,65,4.9
550,At-Bashi,KG,2022-03-22 21:48:27,41.1702,75.8106,30.67,87,100,1.54
551,Hervey Bay,AU,2022-03-22 21:48:28,-25.2986,152.8535,74.01,92,0,10.0
552,San Jeronimo,PE,2022-03-22 21:48:28,-11.9472,-75.2829,60.58,62,81,3.89
553,Dingli,MT,2022-03-22 21:48:29,35.8614,14.3822,46.81,61,0,3.44
554,Denpasar,ID,2022-03-22 21:44:47,-8.65,115.2167,76.71,94,20,3.44
555,Natchez,US,2022-03-22 21:49:30,31.5604,-91.4032,58.44,94,100,5.75
556,Shankargarh,IN,2022-03-22 21:49:30,25.1833,81.6167,76.37,13,12,3.06
557,Palmas,BR,2022-03-22 21:48:56,-10.2128,-48.3603,85.87,66,20,4.61
558,Elbrus,RU,2022-03-22 21:49:31,43.2577,42.6443,6.19,18,16,2.21
559,Berlevag,NO,2022-03-22 21:49:31,70.8578,29.0864,30.15,93,100,25.32
560,Samana,DO,2022-03-22 21:49:32,19.2056,-69.3369,82.62,78,20,6.91
561,Kieta,PG,2022-03-22 21:49:33,-6.2167,155.6333,81.88,77,100,2.55
562,Antalaha,MG,2022-03-22 21:49:33,-14.9003,50.2788,75.31,92,36,5.88
563,Puerto Narino,CO,2022-03-22 21:49:34,-3.7703,-70.3831,79.99,90,38,1.3
564,Marawi,PH,2022-03-22 21:49:34,7.9986,124.2928,67.69,95,100,1.12
565,Waitara,NZ,2022-03-22 21:49:35,-38.925,174.25,67.23,86,100,5.77
566,Adwa,ET,2022-03-22 21:49:35,14.1646,38.8955,67.12,41,18,2.33
567,Santa Rosa,PH,2022-03-22 21:49:36,14.3122,121.1114,82.38,76,74,4.92
568,Coro,VE,2022-03-22 21:49:37,11.4045,-69.6734,80.65,67,19,22.32
569,Kichmengskiy Gorodok,RU,2022-03-22 21:49:37,59.9816,45.7854,28.98,94,76,6.15
570,Chippewa Falls,US,2022-03-22 21:47:49,44.9369,-91.3929,38.17,94,100,16.11
571,Dimitrovgrad,RU,2022-03-22 21:49:38,54.2139,49.6184,33.75,95,100,6.96
572,Leshukonskoye,RU,2022-03-22 21:49:38,64.8989,45.7622,28.4,81,74,10.47
